{
  "tiles": [
    {
      "id": 0,
      "name": "Go",
      "short": "GO  ",
      "function": "Go",
      "price": -1,
      "rent": -1,
      "multpliedrent": [],
      "owner": -1,
      "houses": 0,
      "hotels": 0,
      "house_cost": -1,
      "hotel_cost": -1
    },
    {
      "id": 1,
      "name": "Townhouses",
      "short": " TOWNHOUS ",
      "function": "Purple",
      "price": 60,
      "rent": 2,
      "multpliedrent": [
        10,
        30,
        90,
        160,
        250
      ],
      "owner": 0,
      "houses": 0,
      "hotels": 0,
      "house_cost": 50,
      "hotel_cost": 60
    },
    {
      "id": 2,
      "name": "Community Chest",
      "short": "COMM",
      "function": "Chest",
      "price": -1,
      "rent": -1,
      "multpliedrent": [],
      "owner": -1,
      "houses": 0,
      "hotels": 0,
      "house_cost": -1,
      "hotel_cost": -1
    },
    {
      "id": 3,
      "name": "Lowrise Dorms",
      "short": " LOWRISES ",
      "function": "Purple",
      "price": 60,
      "rent": 4,
      "multpliedrent": [
        20,
        60,
        180,
        320,
        450
      ],
      "owner": 0,
      "houses": 0,
      "hotels": 0,
      "house_cost": 50,
      "hotel_cost": 60
    },
    {
      "id": 4,
      "name": "Income Tax",
      "short": "INC$",
      "function": "Income",
      "price": -1,
      "rent": -1,
      "multpliedrent": [],
      "owner": -1,
      "houses": 0,
      "hotels": 0,
      "house_cost": -1,
      "hotel_cost": -1
    },
    {
      "id": 5,
      "name": "Campus to Campus Bus",
      "short": " C2C-BUS  ",
      "function": "Railroad",
      "price": 200,
      "rent": -1,
      "multpliedrent": [],
      "owner": 0,
      "houses": 0,
      "hotels": 0,
      "house_cost": -1,
      "hotel_cost": -1
    },
    {
      "id": 6,
      "name": "Court-Kay-Bauer Hall",
      "short": " CKB-HALL ",
      "function": "LightGreen",
      "price": 100,
      "rent": 6,
      "multpliedrent": [
        30,
        90,
        270,
        400,
        550
      ],
      "owner": 0,
      "houses": 0,
      "hotels": 0,
      "house_cost": 50,
      "hotel_cost": 100
    },
    {
      "id": 7,
      "name": "Chance",
      "short": "CHNC",
      "function": "Chance",
      "price": -1,
      "rent": -1,
      "multpliedrent": [],
      "owner": -1,
      "houses": 0,
      "hotels": 0,
      "house_cost": -1,
      "hotel_cost": -1
    },
    {
      "id": 8,
      "name": "Mews Hall",
      "short": "   MEWS   ",
      "function": "LightGreen",
      "price": 100,
      "rent": 6,
      "multpliedrent": [
        30,
        90,
        270,
        400,
        550
      ],
      "owner": 0,
      "houses": 0,
      "hotels": 0,
      "house_cost": 50,
      "hotel_cost": 100
    },
    {
      "id": 9,
      "name": "Donlon Hall",
      "short": "  DONLON  ",
      "function": "LightGreen",
      "price": 120,
      "rent": 8,
      "multpliedrent": [
        40,
        100,
        300,
        450,
        600
      ],
      "owner": 0,
      "houses": 0,
      "hotesls": 0,
      "house_cost": 50,
      "hotel_cost": 120
    },
    {
      "id": 10,
      "name": "Jail / Just Visiting",
      "short": "JAIL",
      "function": "Jail",
      "price": -1,
      "rent": -1,
      "multpliedrent": [],
      "owner": -1,
      "houses": 0,
      "hotels": 0,
      "house_cost": -1,
      "hotel_cost": -1
    },
    {
      "id": 11,
      "name": "Appel",
      "short": "  APPEL   ",
      "function": "Violet",
      "price": 140,
      "rent": 10,
      "multpliedrent": [
        50,
        150,
        450,
        625,
        750
      ],
      "owner": 0,
      "houses": 0,
      "hotesls": 0,
      "house_cost": 100,
      "hotel_cost": 140
    },
    {
      "id": 12,
      "name": "RPCC",
      "short": "   RPCC   ",
      "function": "Violet",
      "price": 140,
      "rent": 10,
      "multpliedrent": [
        50,
        150,
        450,
        625,
        750
      ],
      "owner": 0,
      "houses": 0,
      "hotesls": 0,
      "house_cost": 100,
      "hotel_cost": 140
    },
    {
      "id": 13,
      "name": "Big Red Bucks",
      "short": "   BRBS   ",
      "function": "Utilities",
      "price": 150,
      "rent": -1,
      "multpliedrent": [],
      "owner": 0,
      "houses": 0,
      "hotels": 0,
      "house_cost": -1,
      "hotel_cost": -1
    },
    {
      "id": 14,
      "name": "Nasties",
      "short": " NASTIES  ",
      "function": "Violet",
      "price": 160,
      "rent": 12,
      "multpliedrent": [
        60,
        180,
        500,
        700,
        900
      ],
      "owner": 0,
      "houses": 0,
      "hotesls": 0,
      "house_cost": 100,
      "hotel_cost": 160
    },
    {
      "id": 15,
      "name": "Tompkins Regional Airport",
      "short": " AIRPORT  ",
      "function": "Railroad",
      "price": 200,
      "rent": -1,
      "multpliedrent": [],
      "owner": 0,
      "houses": 0,
      "hotels": 0,
      "house_cost": -1,
      "hotel_cost": -1
    },
    {
      "id": 16,
      "name": "Ag Quad",
      "short": "  AGQUAD  ",
      "function": "Orange",
      "price": 180,
      "rent": 14,
      "multpliedrent": [
        70,
        200,
        550,
        750,
        950
      ],
      "owner": 0,
      "houses": 0,
      "hotesls": 0,
      "house_cost": 100,
      "hotel_cost": 180
    },
    {
      "id": 17,
      "name": "Community Chest",
      "short": "COMM",
      "function": "Chest",
      "price": -1,
      "rent": -1,
      "multpliedrent": [],
      "owner": -1,
      "houses": 0,
      "hotels": 0,
      "house_cost": -1,
      "hotel_cost": -1
    },
    {
      "id": 18,
      "name": "Arts Quad",
      "short": " ARTSQUAD ",
      "function": "Orange",
      "price": 180,
      "rent": 14,
      "multpliedrent": [
        70,
        200,
        550,
        750,
        950
      ],
      "owner": 0,
      "houses": 0,
      "hotesls": 0,
      "house_cost": 100,
      "hotel_cost": 180
    },
    {
      "id": 19,
      "name": "Engineering Quad",
      "short": " ENG-QUAD ",
      "function": "Orange",
      "price": 200,
      "rent": 16,
      "multpliedrent": [
        80,
        220,
        600,
        800,
        1000
      ],
      "owner": 0,
      "houses": 0,
      "hotesls": 0,
      "house_cost": 100,
      "hotel_cost": 200
    },
    {
      "id": 20,
      "name": "Free Parking",
      "short": "FREE",
      "function": "FreeParking",
      "price": -1,
      "rent": -1,
      "multpliedrent": [],
      "owner": -1,
      "houses": 0,
      "hotels": 0,
      "house_cost": -1,
      "hotel_cost": -1
    },
    {
      "id": 21,
      "name": "Goldwin Smith Hall",
      "short": "  GWS     ",
      "function": "Red",
      "price": 220,
      "rent": 18,
      "multpliedrent": [
        90,
        250,
        700,
        875,
        1050
      ],
      "owner": 0,
      "houses": 0,
      "hotesls": 0,
      "house_cost": 150,
      "hotel_cost": 220
    },
    {
      "id": 22,
      "name": "Chance",
      "short": "CHNC",
      "function": "Chance",
      "price": -1,
      "rent": -1,
      "multpliedrent": [],
      "owner": -1,
      "houses": 0,
      "hotels": 0,
      "house_cost": -1,
      "hotel_cost": -1
    },
    {
      "id": 23,
      "name": "Rockfeller Hall",
      "short": " ROCKFLLR ",
      "function": "Red",
      "price": 220,
      "rent": 18,
      "multpliedrent": [
        90,
        250,
        700,
        875,
        1050
      ],
      "owner": 0,
      "houses": 0,
      "hotesls": 0,
      "house_cost": 150,
      "hotel_cost": 220
    },
    {
      "id": 24,
      "name": "Kennedy Hall",
      "short": " KENNEDY  ",
      "function": "Red",
      "price": 240,
      "rent": 20,
      "multpliedrent": [
        100,
        300,
        750,
        925,
        1100
      ],
      "owner": 0,
      "houses": 0,
      "hotesls": 0,
      "house_cost": 150,
      "hotel_cost": 240
    },
    {
      "id": 25,
      "name": "Shortline Bus",
      "short": " SHRTLINE ",
      "function": "Railroad",
      "price": 200,
      "rent": -1,
      "multpliedrent": [],
      "owner": 0,
      "houses": 0,
      "hotels": 0,
      "house_cost": -1,
      "hotel_cost": -1
    },
    {
      "id": 26,
      "name": "Mann Library",
      "short": "   MANN   ",
      "function": "Yellow",
      "price": 260,
      "rent": 22,
      "multpliedrent": [
        110,
        330,
        800,
        975,
        1150
      ],
      "owner": 0,
      "houses": 0,
      "hotesls": 0,
      "house_cost": 150,
      "hotel_cost": 260
    },
    {
      "id": 27,
      "name": "Olin Library",
      "short": "   OLIN   ",
      "function": "Yellow",
      "price": 260,
      "rent": 22,
      "multpliedrent": [
        110,
        330,
        800,
        975,
        1150
      ],
      "owner": 0,
      "houses": 0,
      "hotesls": 0,
      "house_cost": 150,
      "hotel_cost": 260
    },
    {
      "id": 28,
      "name": "eduroam",
      "short": " EDUROAM  ",
      "function": "Utilities",
      "price": 150,
      "rent": -1,
      "multpliedrent": [],
      "owner": 0,
      "houses": 0,
      "hotels": 0,
      "house_cost": -1,
      "hotel_cost": -1
    },
    {
      "id": 29,
      "name": "Uris Library",
      "short": "   URIS   ",
      "function": "Yellow",
      "price": 280,
      "rent": 22,
      "multpliedrent": [
        120,
        360,
        850,
        1025,
        1200
      ],
      "owner": 0,
      "houses": 0,
      "hotesls": 0,
      "house_cost": 150,
      "hotel_cost": 280
    },
    {
      "id": 30,
      "name": "Go To Jail",
      "short": "G2J ",
      "function": "GoToJail",
      "price": -1,
      "rent": -1,
      "multpliedrent": [],
      "owner": -1,
      "houses": 0,
      "hotels": 0,
      "house_cost": -1,
      "hotel_cost": -1
    },
    {
      "id": 31,
      "name": "Gates Hall",
      "short": "  GATES   ",
      "function": "DarkGreen",
      "price": 300,
      "rent": 26,
      "multpliedrent": [
        130,
        390,
        900,
        1100,
        1275
      ],
      "owner": 0,
      "houses": 0,
      "hotesls": 0,
      "house_cost": 200,
      "hotel_cost": 300
    },
    {
      "id": 32,
      "name": "Upson Hall",
      "short": "  UPSON   ",
      "function": "DarkGreen",
      "price": 300,
      "rent": 26,
      "multpliedrent": [
        130,
        390,
        900,
        1100,
        1275
      ],
      "owner": 0,
      "houses": 0,
      "hotesls": 0,
      "house_cost": 200,
      "hotel_cost": 300
    },
    {
      "id": 33,
      "name": "Community Chest",
      "short": "COMM",
      "function": "Chest",
      "price": -1,
      "rent": -1,
      "multpliedrent": [],
      "owner": -1,
      "houses": 0,
      "hotels": 0,
      "house_cost": -1,
      "hotel_cost": -1
    },
    {
      "id": 34,
      "name": "Duffield Hall",
      "short": " DUFFIELD ",
      "function": "DarkGreen",
      "price": 320,
      "rent": 28,
      "multpliedrent": [
        150,
        450,
        1000,
        1200,
        1400
      ],
      "owner": 0,
      "houses": 0,
      "hotesls": 0,
      "house_cost": 200,
      "hotel_cost": 320
    },
    {
      "id": 35,
      "name": "Lime Bikes",
      "short": " LIMEBIKE ",
      "function": "Railroad",
      "price": 200,
      "rent": -1,
      "multpliedrent": [],
      "owner": 0,
      "houses": 0,
      "hotels": 0,
      "house_cost": -1,
      "hotel_cost": -1
    },
    {
      "id": 36,
      "name": "Chance",
      "short": "CHNC",
      "function": "Chance",
      "price": -1,
      "rent": -1,
      "multpliedrent": [],
      "owner": -1,
      "houses": 0,
      "hotels": 0,
      "house_cost": -1,
      "hotel_cost": -1
    },
    {
      "id": 37,
      "name": "Cornell University",
      "short": " CORNELL  ",
      "function": "DarkBlue",
      "price": 350,
      "rent": 35,
      "multpliedrent": [
        175,
        500,
        1100,
        1300,
        1500
      ],
      "owner": 0,
      "houses": 0,
      "hotesls": 0,
      "house_cost": 200,
      "hotel_cost": 350
    },
    {
      "id": 38,
      "name": "Luxury Tax",
      "short": "LUX$",
      "function": "Luxury",
      "price": -1,
      "rent": -1,
      "multpliedrent": [],
      "owner": -1,
      "houses": 0,
      "hotels": 0,
      "house_cost": -1,
      "hotel_cost": -1
    },
    {
      "id": 39,
      "name": "Cornell Tech",
      "short": "   TECH   ",
      "function": "DarkBlue",
      "price": 400,
      "rent": 50,
      "multpliedrent": [
        200,
        600,
        1400,
        1700,
        2000
      ],
      "owner": 0,
      "houses": 0,
      "hotesls": 0,
      "house_cost": 200,
      "hotel_cost": 400
    }
  ],
  "chance": [
    {
      "id": 0,
      "title": "Advance to Go (Collect $200)",
      "action": "GoToTile",
      "modifier": 0
    },
    {
      "id": 1,
      "title": "Advance to Kennedy Hall - If you pass Go, collect $200",
      "action": "GoToTile",
      "modifier": 24
    },
    {
      "id": 2,
      "title": "Advance to Appel Commons - If you pass Go, collect $200",
      "action": "GoToTile",
      "modifier": 11
    },
    {
      "id": 3,
      "title": "You find $50 outside Statler",
      "action": "Money",
      "modifier": 50
    },
    {
      "id": 4,
      "title": "You dropped your Student ID - Go Back 3 Spaces to pick it up",
      "action": "MoveSpaces",
      "modifier": -3
    },
    {
      "id": 5,
      "title": "The University gives you $50",
      "action": "Money",
      "modifier": 50
    },
    {
      "id": 6,
      "title": "Get Out of Jail Free",
      "action": "GetOutJail",
      "modifier": 0
    },
    {
      "id": 7,
      "title": "Go to Jail - Go directly to Jail - Do not pass Go, do not collect $200",
      "action": "GoJail",
      "modifier": 10
    },
    {
      "id": 8,
      "title": "Make general repairs on all your property - For each house pay $25 - For each hotel, pay $100",
      "action": "PropertyCharge",
      "modifier": 25
    },
    {
      "id": 9,
      "title": "Pay cornell tax of $15",
      "action": "Money",
      "modifier": -15
    },
    {
      "id": 10,
      "title": "Take a trip on the Campus to Campus - If you pass Go, collect $200",
      "action": "GoToTile",
      "modifier": 5
    },
    {
      "id": 11,
      "title": "Take a walk around Campus - Advance to Cornell University",
      "action": "GoToTile",
      "modifier": 37
    },
    {
      "id": 12,
      "title": "You need to buy a new textbook - Pay $150",
      "action": "Money",
      "modifier": -150
    },
    {
      "id": 13,
      "title": "You won a bet with your roommate - Collect $75",
      "action": "Money",
      "modifier": 75
    },
    {
      "id": 14,
      "title": "You became president of a student organization - Pay $50 to each player",
      "action": "Money",
      "modifier": 50
    },
    {
      "id": 15,
      "title": "You're late for class - Advance 3 spaces",
      "action": "MoveSpaces",
      "modifier": 3
    }
  ],
  "community_chest": [
    {
      "id": 0,
      "title": "Advance to Go (Collect $200)",
      "action": "GoToTile",
      "modifier": 0
    },
    {
      "id": 1,
      "title": "Tuition error in your favor - Collect $200 ",
      "action": "Money",
      "modifier": 200
    },
    {
      "id": 2,
      "title": "Get drinks with Evan and Sitar - Pay $50",
      "action": "Money",
      "modifier": -50
    },
    {
      "id": 3,
      "title": "You sold your old textbooks - Collect $50",
      "action": "Money",
      "modifier": 50
    },
    {
      "id": 4,
      "title": "Get Out of Jail Free",
      "action": "GetOutJail",
      "modifier": 0
    },
    {
      "id": 5,
      "title": "Go to Jail - Go directly to jail - Do not pass Go - Do not collect $200",
      "action": "GoToTile",
      "modifier": 0
    },
    {
      "id": 6,
      "title": "Grand openning of a new building on campus - collect $50",
      "action": "Money",
      "modifier": -50
    },
    {
      "id": 7,
      "title": "Your friend paid you back for drinks last Saturday night - Collect $40",
      "action": "Money",
      "modifier": 40
    },
    {
      "id": 8,
      "title": "Tax refund - Collect $20",
      "action": "Money",
      "modifier": 20
    },
    {
      "id": 9,
      "title": "It's your birthday! - Collect $100",
      "action": "Money",
      "modifier": 100
    },
    {
      "id": 10,
      "title": "Pay Cornell Health fees of $100",
      "action": "Money",
      "modifier": -100
    },
    {
      "id": 11,
      "title": "Pay tuition fees of $150",
      "action": "Money",
      "modifier": -150
    },
    {
      "id": 12,
      "title": "Receive $25 for tutoring a freshman",
      "action": "Money",
      "modifier": 25
    },
    {
      "id": 13,
      "title": "You got a noise complaint from a neighbor - For each house pay $40 - For each hotel, pay $160",
      "action": "PropertyCharge",
      "modifier": 40
    },
    {
      "id": 14,
      "title": "You have won second prize in a acapella contest - Collect $25",
      "action": "Money",
      "modifier": 25
    },
    {
      "id": 15,
      "title": "You inherit $100 for being you :)",
      "action": "Money",
      "modifier": 100
    }
  ]
}