{
  "tiles": [
    {
      "id": 0,
      "name": "Go",
      "short": "GO  ",
      "function": "Go",
      "price": 0,
      "rent": -1,
      "multpliedrent": [],
      "owner": -1,
      "houses": 0,
      "hotels": 0,
      "house_cost": 0,
      "hotel_cost": 0
    },
    {
      "id": 1,
      "name": "Mediterranean",
      "short": " MEDITERR ",
      "function": "Purple",
      "price": 60,
      "rent": 2,
      "multpliedrent": [
        10,
        30,
        90,
        160,
        250
      ],
      "owner": 0,
      "houses": 0,
      "hotels": 0,
      "house_cost": 50,
      "hotel_cost": 100
    },
    {
      "id": 2,
      "name": "Community Chest",
      "short": "COMM",
      "function": "Chest",
      "price": 0,
      "rent": -1,
      "multpliedrent": [],
      "owner": -1,
      "houses": 0,
      "hotels": 0,
      "house_cost": 0,
      "hotel_cost": 0
    },
    {
      "id": 3,
      "name": "Baltic",
      "short": "  BALTIC  ",
      "function": "Purple",
      "price": 60,
      "rent": 4,
      "multpliedrent": [
        20,
        60,
        180,
        320,
        450
      ],
      "owner": 0,
      "houses": 0,
      "hotels": 0,
      "house_cost": 50,
      "hotel_cost": 100
    },
    {
      "id": 4,
      "name": "Income Tax",
      "short": "INC",
      "function": "Income",
      "price": 0,
      "rent": -1,
      "multpliedrent": [],
      "owner": -1,
      "houses": 0,
      "hotels": 0,
      "house_cost": 0,
      "hotel_cost": 0
    },
    {
      "id": 5,
      "name": "Reading Railroad",
      "short": "READING-RR",
      "function": "Railroad",
      "price": 200,
      "rent": 25,
      "multpliedrent": [],
      "owner": 0,
      "houses": 0,
      "hotels": 0,
      "house_cost": 0,
      "hotel_cost": 0
    },
    {
      "id": 6,
      "name": "Oriental",
      "short": " ORIENTAL ",
      "function": "LightGreen",
      "price": 100,
      "rent": 6,
      "multpliedrent": [
        30,
        90,
        270,
        400,
        550
      ],
      "owner": 0,
      "houses": 0,
      "hotels": 0,
      "house_cost": 50,
      "hotel_cost": 100
    },
    {
      "id": 7,
      "name": "Chance",
      "short": "CHNC",
      "function": "Chance",
      "price": 0,
      "rent": 2,
      "multpliedrent": [],
      "owner": 0,
      "houses": 0,
      "hotels": 0,
      "house_cost": 0,
      "hotel_cost": 0
    },
    {
      "id": 8,
      "name": "Vermont",
      "short": " VERMONT  ",
      "function": "LightGreen",
      "price": 100,
      "rent": 6,
      "multpliedrent": [
        30,
        90,
        270,
        400,
        550
      ],
      "owner": 0,
      "houses": 0,
      "hotels": 0,
      "house_cost": 50,
      "hotel_cost": 100
    },
    {
      "id": 9,
      "name": "Connecticut",
      "short": " CONNCTCT ",
      "function": "LightGreen",
      "price": 120,
      "rent": 8,
      "multpliedrent": [
        40,
        100,
        300,
        450,
        600
      ],
      "owner": 0,
      "houses": 0,
      "hotels": 0,
      "house_cost": 50,
      "hotel_cost": 100
    },
    {
      "id": 10,
      "name": "Jail",
      "short": "JAIL",
      "function": "Jail",
      "price": 0,
      "rent": -1,
      "multpliedrent": [],
      "owner": -1,
      "houses": 0,
      "hotels": 0,
      "house_cost": 0,
      "hotel_cost": 0
    },
    {
      "id": 11,
      "name": "St. Charles",
      "short": "ST.CHARLES",
      "function": "Violet",
      "price": 140,
      "rent": 10,
      "multpliedrent": [
        50,
        150,
        450,
        625,
        750
      ],
      "owner": 0,
      "houses": 0,
      "hotels": 0,
      "house_cost": 100,
      "hotel_cost": 200
    },
    {
      "id": 12,
      "name": "States",
      "short": "  STATES  ",
      "function": "Violet",
      "price": 140,
      "rent": 10,
      "multpliedrent": [
        50,
        150,
        450,
        625,
        750
      ],
      "owner": 0,
      "houses": 0,
      "hotels": 0,
      "house_cost": 100,
      "hotel_cost": 200
    },
    {
      "id": 13,
      "name": "Electric Company",
      "short": " ELECTRIC ",
      "function": "Utilities",
      "price": 150,
      "rent": 0,
      "multpliedrent": [],
      "owner": 0,
      "houses": 0,
      "hotels": 0,
      "house_cost": 0,
      "hotel_cost": 0
    },
    {
      "id": 14,
      "name": "Virginia",
      "short": " VIRGINIA ",
      "function": "Violet",
      "price": 160,
      "rent": 12,
      "multpliedrent": [
        60,
        180,
        500,
        700,
        900
      ],
      "owner": 0,
      "houses": 0,
      "hotels": 0,
      "house_cost": 100,
      "hotel_cost": 200
    },
    {
      "id": 15,
      "name": "Pennsylvania Railroad",
      "short": " PENN-RR  ",
      "function": "Railroad",
      "price": 200,
      "rent": 25,
      "multpliedrent": [],
      "owner": 0,
      "houses": 0,
      "hotels": 0,
      "house_cost": 0,
      "hotel_cost": 0
    },
    {
      "id": 16,
      "name": "St. James",
      "short": " ST.JAMES ",
      "function": "Orange",
      "price": 180,
      "rent": 14,
      "multpliedrent": [
        70,
        200,
        550,
        750,
        950
      ],
      "owner": 0,
      "houses": 0,
      "hotels": 0,
      "house_cost": 100,
      "hotel_cost": 200
    },
    {
      "id": 17,
      "name": "Community Chest",
      "short": "COMM",
      "function": "Chest",
      "price": 0,
      "rent": -1,
      "multpliedrent": [],
      "owner": -1,
      "houses": 0,
      "hotels": 0,
      "house_cost": 0,
      "hotel_cost": 0
    },
    {
      "id": 18,
      "name": "Tennessee",
      "short": "TENNESSEE ",
      "function": "Orange",
      "price": 180,
      "rent": 14,
      "multpliedrent": [
        70,
        200,
        550,
        750,
        950
      ],
      "owner": 0,
      "houses": 0,
      "hotels": 0,
      "house_cost": 100,
      "hotel_cost": 200
    },
    {
      "id": 19,
      "name": "New York",
      "short": " NEW-YORK ",
      "function": "Orange",
      "price": 200,
      "rent": 16,
      "multpliedrent": [
        80,
        220,
        600,
        800,
        1000
      ],
      "owner": 0,
      "houses": 0,
      "hotels": 0,
      "house_cost": 100,
      "hotel_cost": 200
    },
    {
      "id": 20,
      "name": "Free Parking",
      "short": "FREE",
      "function": "FreeParking",
      "price": 0,
      "rent": -1,
      "multpliedrent": [],
      "owner": -1,
      "houses": 0,
      "hotels": 0,
      "house_cost": 0,
      "hotel_cost": 0
    },
    {
      "id": 21,
      "name": "Kentucky",
      "short": " KENTUCKY ",
      "function": "Red",
      "price": 220,
      "rent": 18,
      "multpliedrent": [
        90,
        250,
        700,
        875,
        1050
      ],
      "owner": 0,
      "houses": 0,
      "hotels": 0,
      "house_cost": 150,
      "hotel_cost": 300
    },
    {
      "id": 22,
      "name": "Chance",
      "short": "CHNC",
      "function": "Chance",
      "price": 0,
      "rent": -1,
      "multpliedrent": [],
      "owner": -1,
      "houses": 0,
      "hotels": 0,
      "house_cost": 0,
      "hotel_cost": 0
    },
    {
      "id": 23,
      "name": "Indiana",
      "short": " INDIANA  ",
      "function": "Red",
      "price": 220,
      "rent": 18,
      "multpliedrent": [
        90,
        250,
        700,
        875,
        1050
      ],
      "owner": 0,
      "houses": 0,
      "hotels": 0,
      "house_cost": 150,
      "hotel_cost": 300
    },
    {
      "id": 24,
      "name": "Illinois",
      "short": " ILLINOIS ",
      "function": "Red",
      "price": 240,
      "rent": 20,
      "multpliedrent": [
        100,
        300,
        750,
        925,
        1100
      ],
      "owner": 0,
      "houses": 0,
      "hotels": 0,
      "house_cost": 150,
      "hotel_cost": 300
    },
    {
      "id": 25,
      "name": "B&O Railroad",
      "short": "  B&O-RR  ",
      "function": "Railroad",
      "price": 200,
      "rent": 25,
      "multpliedrent": [],
      "owner": 0,
      "houses": 0,
      "hotels": 0,
      "house_cost": 0,
      "hotel_cost": 0
    },
    {
      "id": 26,
      "name": "Atlantic",
      "short": " ATLANTIC ",
      "function": "Yellow",
      "price": 260,
      "rent": 22,
      "multpliedrent": [
        110,
        330,
        800,
        975,
        1150
      ],
      "owner": 0,
      "houses": 0,
      "hotels": 0,
      "house_cost": 150,
      "hotel_cost": 300
    },
    {
      "id": 27,
      "name": "Ventnor",
      "short": " VENTNOR  ",
      "function": "Yellow",
      "price": 260,
      "rent": 22,
      "multpliedrent": [
        110,
        330,
        800,
        975,
        1150
      ],
      "owner": 0,
      "houses": 0,
      "hotels": 0,
      "house_cost": 150,
      "hotel_cost": 300
    },
    {
      "id": 28,
      "name": "Water Works",
      "short": "  WATER   ",
      "function": "Utilities",
      "price": 150,
      "rent": 0,
      "multpliedrent": [],
      "owner": 0,
      "houses": 0,
      "hotels": 0,
      "house_cost": 0,
      "hotel_cost": 0
    },
    {
      "id": 29,
      "name": "Marvin Gardens",
      "short": "MARV-GARDS",
      "function": "Yellow",
      "price": 280,
      "rent": 24,
      "multpliedrent": [
        120,
        360,
        850,
        1025,
        1200
      ],
      "owner": 0,
      "houses": 0,
      "hotels": 0,
      "house_cost": 150,
      "hotel_cost": 300
    },
    {
      "id": 30,
      "name": "Go to Jail",
      "short": "GTJA",
      "function": "GoToJail",
      "price": 0,
      "rent": -1,
      "multpliedrent": [],
      "owner": -1,
      "houses": 0,
      "hotels": 0,
      "house_cost": 0,
      "hotel_cost": 0
    },
    {
      "id": 31,
      "name": "Pacific",
      "short": " PACIFIC  ",
      "function": "DarkGreen",
      "price": 300,
      "rent": 26,
      "multpliedrent": [
        130,
        390,
        900,
        1100,
        1275
      ],
      "owner": 0,
      "houses": 0,
      "hotels": 0,
      "house_cost": 200,
      "hotel_cost": 400
    },
    {
      "id": 32,
      "name": "North Carolina",
      "short": "N-CAROLINA",
      "function": "DarkGreen",
      "price": 300,
      "rent": 26,
      "multpliedrent": [
        130,
        390,
        900,
        1100,
        1275
      ],
      "owner": 0,
      "houses": 0,
      "hotels": 0,
      "house_cost": 200,
      "hotel_cost": 400
    },
    {
      "id": 33,
      "name": "Community Chest",
      "short": "COMM",
      "function": "Chest",
      "price": 0,
      "rent": -1,
      "multpliedrent": [],
      "owner": -1,
      "houses": 0,
      "hotels": 0,
      "house_cost": 0,
      "hotel_cost": 0
    },
    {
      "id": 34,
      "name": "Pennsylvania",
      "short": "PENNSYLVNA",
      "function": "DarkGreen",
      "price": 320,
      "rent": 28,
      "multpliedrent": [
        150,
        450,
        1000,
        1200,
        1400
      ],
      "owner": 0,
      "houses": 0,
      "hotels": 0,
      "house_cost": 200,
      "hotel_cost": 400
    },
    {
      "id": 35,
      "name": "Short Line",
      "short": "SHORT-LINE",
      "function": "Railroad",
      "price": 200,
      "rent": 25,
      "multpliedrent": [],
      "owner": 0,
      "houses": 0,
      "hotels": 0,
      "house_cost": 0,
      "hotel_cost": 0
    },
    {
      "id": 36,
      "name": "Chance",
      "short": "CHNC",
      "function": "Chance",
      "price": 0,
      "rent": -1,
      "multpliedrent": [],
      "owner": -1,
      "houses": 0,
      "hotels": 0,
      "house_cost": 0,
      "hotel_cost": 0
    },
    {
      "id": 37,
      "name": "Park Place",
      "short": "PARK-PLACE",
      "function": "DarkBlue",
      "price": 350,
      "rent": 35,
      "multpliedrent": [
        175,
        500,
        1100,
        1300,
        1500
      ],
      "owner": 0,
      "houses": 0,
      "hotels": 0,
      "house_cost": 200,
      "hotel_cost": 400
    },
    {
      "id": 38,
      "name": "Luxury Tax",
      "short": "LUX ",
      "function": "Luxury",
      "price": 0,
      "rent": -1,
      "multpliedrent": [],
      "owner": -1,
      "houses": 0,
      "hotels": 0,
      "house_cost": 0,
      "hotel_cost": 0
    },
    {
      "id": 39,
      "name": "Boardwalk",
      "short": "BOARDWALK ",
      "function": "DarkBlue",
      "price": 400,
      "rent": 50,
      "multpliedrent": [
        200,
        600,
        1400,
        1700,
        2000
      ],
      "owner": 0,
      "houses": 0,
      "hotels": 0,
      "house_cost": 200,
      "hotel_cost": 400
    }
  ],
  "chance": [
    {
      "id": 0,
      "title": "Advance to Go (Collect $200)",
      "action": "GoToTile",
      "modifier": 0
    },
    {
      "id": 1,
      "title": "Advance to Illinois Ave - If you pass Go, collect $200",
      "action": "GoToTile",
      "modifier": 24
    },
    {
      "id": 2,
      "title": "Advance to St. Charles - If you pass Go, collect $200",
      "action": "GoToTile",
      "modifier": 11
    },
    {
      "id": 3,
      "title": "Bank pays you divident of $50",
      "action": "Money",
      "modifier": 50
    },
    {
      "id": 4,
      "title": "Get Out of Jail Free",
      "action": "GetOutJail",
      "modifier": 0
    },
    {
      "id": 5,
      "title": "Go to Jail - Go directly to Jail - Do not pass Go, do not collect $200",
      "action": "GoJail",
      "modifier": 10
    },
    {
      "id": 6,
      "title": "Go Back 3 spaces",
      "action": "MoveSpaces",
      "modifier": 3
    },
    {
      "id": 7,
      "title": "Make general repairs on all your property – For each house pay $25 – For each hotel $100",
      "action": "PropertyCharge",
      "modifier": 25
    },
    {
      "id": 8,
      "title": "Pay poor tax of $15",
      "action": "Money",
      "modifier": 15
    },
    {
      "id": 9,
      "title": "Take a trip to Reading Railroad - If pass Go, collect $200.",
      "action": "GoToTile",
      "modifier": 5
    },
    {
      "id": 10,
      "title": "Take a walk on the Boardwalk",
      "action": "GoToTile",
      "modifier": 39
    },
    {
      "id": 11,
      "title": "Your building and loan matures — Collect $150",
      "action": "Money",
      "modifier": 150
    },
    {
      "id": 12,
      "title": "You have won a crossword competition — Collect $100",
      "action": "Money",
      "modifier": 100
    }
  ],
  "community_chest": [
    {
      "id": 0,
      "title": "Advance to Go (Collect $200)",
      "action": "GoToTile",
      "modifier": 0
    },
    {
      "id": 1,
      "title": "Bank error in your favor—Collect $200",
      "action": "Money",
      "modifier": 200
    },
    {
      "id": 2,
      "title": "Doctor's fee — Pay $50",
      "action": "Money",
      "modifier": -50
    },
    {
      "id": 3,
      "title": "From sale of stock you get $50",
      "action": "Money",
      "modifier": 50
    },
    {
      "id": 4,
      "title": "Get Out of Jail Free",
      "action": "GetOutJail",
      "modifier": 0
    },
    {
      "id": 5,
      "title": "Go to Jail - Go directly to jail - Do not pass Go - Do not collect $200",
      "action": "GoToTile",
      "modifier": 0
    },
    {
      "id": 6,
      "title": "Get Out of Jail Free",
      "action": "GetOutJail",
      "modifier": 0
    },
    {
      "id": 7,
      "title": "Holiday Fund matures — Receive $100",
      "action": "Money",
      "modifier": 100
    },
    {
      "id": 8,
      "title": "Income Tax refund - Collect $20",
      "action": "Money",
      "modifier": 20
    },
    {
      "id": 9,
      "title": "It is your birthday — Collect $10",
      "action": "Money",
      "modifier": 10
    },
    {
      "id": 10,
      "title": "Life insurance matures – Collect $100",
      "action": "Money",
      "modifier": 100
    },
    {
      "id": 11,
      "title": "Pay school fees of $150",
      "action": "Money",
      "modifier": -150
    },
    {
      "id": 12,
      "title": "Receive $25 consultancy fee",
      "action": "Money",
      "modifier": 25
    },
    {
      "id": 13,
      "title": "You are assessed for street repairs – $40 per house – $160 per hotel",
      "action": "PropertyCharge",
      "modifier": 40
    },
    {
      "id": 14,
      "title": "You have won second prize in a beauty contest - Collect $10",
      "action": "Money",
      "modifier": 10
    },
    {
      "id": 15,
      "title": "You inherit $100",
      "action": "Money",
      "modifier": 100
    }
  ]
}